Thème;Avant total;Avant Fond.;Avant Avancé;Avant Expert;Après total;Après Fond.;Après Avancé;Après Expert;Diagnostic avant;Statut V10.5.4;WSET L3;Fine Vintage;WSET L4;SommBench WTQA/WFC;Mindmaps cépages
Dégustation, service & accords;13;8;5;0;28;8;20;0;À renforcer;Renforcé V10.5.4;Oui;Oui;—;Partiel;Partiel
Viticulture;29;3;26;0;37;3;34;0;À renforcer;Renforcé V10.5.4;Oui;Oui;D1;Oui;Partiel
Vinification & élevage;40;3;33;4;51;3;44;4;À renforcer;Renforcé V10.5.4;Oui;Oui;D1;Oui;Partiel
Qualité, prix, droit & business;15;0;12;3;23;0;20;3;À renforcer;Renforcé V10.5.4;Oui;Partiel;D2;Partiel;Partiel
Cépages;147;19;128;0;147;19;128;0;Bonne couverture;Conservé;Oui;Oui;D1/D3/D5 mindmaps;Oui;Oui
Régions, géographie & appellations;549;134;411;4;549;134;411;4;Très forte couverture;Conservé;Oui;Oui;D3;Oui;Oui
Effervescents;20;2;16;2;28;2;24;2;À renforcer;Renforcé V10.5.4;Oui;Oui;D4;Oui;Oui
Fortifiés;18;1;15;2;26;1;23;2;À renforcer;Renforcé V10.5.4;Oui;Oui;D5;Oui;Oui
Application multi-étapes;100;0;100;0;100;0;100;0;Bonne couverture;Conservé;Oui (objectif explicatif);Questions courtes;D1-D5;Partiel;WFC/WTQA inspiration
